[
  {
    "Id": 13,
    "Code": "AA",
    "Name": "American Airlines"
  },
  {
    "Id": 12,
    "Code": "AK",
    "Name": "Air Asia"
  },
  {
    "Id": 14,
    "Code": "CX",
    "Name": "Cathay Pacific"
  },
  {
    "Id": 15,
    "Code": "DL",
    "Name": "Delta Air"
  },
  {
    "Id": 16,
    "Code": "EK",
    "Name": "Emirates"
  },
  {
    "Id": 8,
    "Code": "FJ",
    "Name": "Fiji Airways"
  },
  {
    "Id": 7,
    "Code": "GA",
    "Name": "Garuda Indonesia"
  },
  {
    "Id": 3,
    "Code": "HA",
    "Name": "Hawaiian Airlines"
  },
  {
    "Id": 2,
    "Code": "JQ",
    "Name": "Jetstar"
  },
  {
    "Id": 4,
    "Code": "MH",
    "Name": "Malaysian Airlines"
  },
  {
    "Id": 10,
    "Code": "NF",
    "Name": "Air Vanuatu"
  },
  {
    "Id": 19,
    "Code": "NZ",
    "Name": "Air New Zealand"
  },
  {
    "Id": 9,
    "Code": "QF",
    "Name": "Qantas"
  },
  {
    "Id": 11,
    "Code": "SB",
    "Name": "Aircalin"
  },
  {
    "Id": 6,
    "Code": "SQ",
    "Name": "Singapore Airlines"
  },
  {
    "Id": 5,
    "Code": "TG",
    "Name": "Thai Airways"
  },
  {
    "Id": 17,
    "Code": "TT",
    "Name": "Tiger Airways"
  },
  {
    "Id": 18,
    "Code": "UA",
    "Name": "United Airlines"
  },
  {
    "Id": 1,
    "Code": "VA",
    "Name": "Virgin Australia"
  }
]